{
  "alpha": 0.1693898921578556,
  "beta_home": [
    0.45413862811053674,
    -0.0979412464117711,
    0.01816747311709679,
    -0.012471812572705064,
    -0.02142844650169205,
    0.0382912235982397,
    0.03804047101868262,
    -0.026175785349533336,
    -0.0310317959648007,
    -0.018886232798259114,
    0.00242318093843814,
    -0.03633395685571304,
    0.05218063298568198,
    0.18877120208711223,
    -0.004010134780946446,
    0.04743617781883232,
    0.07456262852711107,
    -0.061533595461263864,
    0.01408315332012265,
    0.017773888172158903,
    0.04158361911573433,
    -0.08129425831299113,
    0.027432140073959232,
    -0.024139571671997144,
    -0.03165706426034543
  ],
  "beta_away": [
    -0.3170814725334808,
    -0.030722807378269372,
    -0.05737479485465935,
    0.005153884225726432,
    0.014964743195615866,
    0.058836971817458034,
    0.051082275500464236,
    0.06687966485753463,
    0.009829222586711239,
    -0.07186873066378016,
    -0.023898763476619463,
    0.09631147523551105,
    0.016621578267933583,
    -0.03668418552730908,
    -0.0037318956745789065,
    -0.06046831850144224,
    -0.008842668122362432,
    0.00677548221067181,
    0.026578707121577304,
    0.02272559523655039,
    0.0034795401348067497,
    -0.03377128056882009,
    -0.015375212124985743,
    -0.026330157195606642,
    0.008585650196776205
  ],
  "rho": -0.41820334016212785,
  "n_features": 25,
  "max_goals": 6,
  "feature_columns": [
    "elo_diff",
    "elo_diff_sq",
    "form_home_3f",
    "form_home_3a",
    "form_away_3f",
    "form_away_3a",
    "form_home_5f",
    "form_home_5a",
    "form_away_5f",
    "form_away_5a",
    "form_home_10f",
    "form_home_10a",
    "form_away_10f",
    "form_away_10a",
    "h2h_avg_diff",
    "home_advantage",
    "rest_days_home",
    "rest_days_away",
    "streak_home",
    "streak_away",
    "tournament_importance",
    "has_real_odds",
    "implied_home",
    "implied_draw",
    "implied_away"
  ],
  "scaler": {
    "mean_": [
      8.684218340611356,
      39152.22264416303,
      1.3428918000970405,
      1.3403202328966521,
      1.3497816593886462,
      1.3256428918000973,
      1.3492552159146045,
      1.3299636098981076,
      1.3409049005337215,
      1.3327607957302279,
      1.3529973891545946,
      1.3248475081444515,
      1.3286667937432128,
      1.3368027540953302,
      0.23369238233867054,
      0.8216885007278021,
      17.14017467248908,
      17.290975254730714,
      -0.08704512372634643,
      -0.12663755458515283,
      0.6789228529839884,
      0.15356622998544395,
      0.3512301605231255,
      0.31609380385676966,
      0.33267603562010484
    ],
    "scale_": [
      197.6785446020271,
      70394.23309314043,
      0.9916426688564747,
      1.0399156590929208,
      0.9974030005318136,
      1.0385781438162116,
      0.858387122603327,
      0.9196805943209153,
      0.845996201262622,
      0.9170211456300953,
      0.72767885732546,
      0.8204341238893404,
      0.7133193667850742,
      0.814877356111716,
      1.463621165536881,
      0.333275485531734,
      13.033335446697503,
      13.054712659789347,
      2.6553055020963447,
      2.6114690865546737,
      0.07164934536836273,
      0.36053244374605414,
      0.11519647147960797,
      0.05200785065278675,
      0.10066624808770178
    ],
    "var_": [
      39076.80699597562,
      4955348052.771388,
      0.9833551826967919,
      1.081424578026664,
      0.994812745469865,
      1.0786445608127275,
      0.736828452251219,
      0.8458123955704719,
      0.7157095725507867,
      0.8409277815327325,
      0.5295165193984872,
      0.6731121516420697,
      0.5088245190306593,
      0.6640251055036204,
      2.142186916207538,
      0.11107254925641304,
      169.8678328661416,
      170.42552262966424,
      7.0506473094631215,
      6.819770790030701,
      0.005133628691714922,
      0.1299836429935017,
      0.013270227041352133,
      0.002704816529522571,
      0.01013369350405472
    ],
    "n_features_in_": 25,
    "feature_names_in_": [
      "elo_diff",
      "elo_diff_sq",
      "form_home_3f",
      "form_home_3a",
      "form_away_3f",
      "form_away_3a",
      "form_home_5f",
      "form_home_5a",
      "form_away_5f",
      "form_away_5a",
      "form_home_10f",
      "form_home_10a",
      "form_away_10f",
      "form_away_10a",
      "h2h_avg_diff",
      "home_advantage",
      "rest_days_home",
      "rest_days_away",
      "streak_home",
      "streak_away",
      "tournament_importance",
      "has_real_odds",
      "implied_home",
      "implied_draw",
      "implied_away"
    ]
  }
}