{
  "alpha": 0.1849566501631727,
  "beta_home": [
    0.39985614459049673,
    0.04344316360747685,
    -0.040355671974569525,
    -0.041138318596155535,
    0.005760353852576314,
    0.004739399351027141,
    -0.0525424928652593,
    0.047651134388910756,
    0.1915891472528162,
    0.002891989229617786,
    0.04200364959822754,
    0.07342192957773137,
    -0.051814513609750534,
    0.0,
    0.0,
    0.0
  ],
  "beta_away": [
    -0.31793230341397444,
    0.011113482313977865,
    0.06005938349883929,
    0.021630922859716954,
    -0.02356031988020224,
    -0.015259751487682419,
    0.09212924658286692,
    0.015060340201735327,
    -0.03849951966996425,
    -0.007005522859802934,
    -0.061804187890925316,
    -0.012242024656460395,
    0.011618224304424577,
    0.0,
    0.0,
    0.0
  ],
  "rho": -0.41818536856430955,
  "n_features": 16,
  "max_goals": 6,
  "feature_columns": [
    "elo_diff",
    "form_home_5f",
    "form_home_5a",
    "form_away_5f",
    "form_away_5a",
    "form_home_10f",
    "form_home_10a",
    "form_away_10f",
    "form_away_10a",
    "h2h_avg_diff",
    "home_advantage",
    "rest_days_home",
    "rest_days_away",
    "implied_home",
    "implied_draw",
    "implied_away"
  ],
  "scaler": {
    "mean_": [
      8.979139737991266,
      1.3492552159146045,
      1.3299636098981076,
      1.3409049005337215,
      1.3327607957302279,
      1.3529973891545946,
      1.3248475081444515,
      1.3286667937432128,
      1.3368027540953302,
      0.23369238233867054,
      0.8216885007278021,
      17.14017467248908,
      17.290975254730714,
      0.3333333333333333,
      0.3333333333333333,
      0.3333333333333333
    ],
    "scale_": [
      199.40900031941035,
      0.858387122603327,
      0.9196805943209153,
      0.845996201262622,
      0.9170211456300953,
      0.72767885732546,
      0.8204341238893404,
      0.7133193667850742,
      0.814877356111716,
      1.463621165536881,
      0.333275485531734,
      13.033335446697503,
      13.054712659789347,
      1.0,
      1.0,
      1.0
    ],
    "var_": [
      39763.949408386594,
      0.736828452251219,
      0.8458123955704719,
      0.7157095725507867,
      0.8409277815327325,
      0.5295165193984872,
      0.6731121516420697,
      0.5088245190306593,
      0.6640251055036204,
      2.142186916207538,
      0.11107254925641304,
      169.8678328661416,
      170.42552262966424,
      0.0,
      0.0,
      0.0
    ],
    "n_features_in_": 16,
    "feature_names_in_": [
      "elo_diff",
      "form_home_5f",
      "form_home_5a",
      "form_away_5f",
      "form_away_5a",
      "form_home_10f",
      "form_home_10a",
      "form_away_10f",
      "form_away_10a",
      "h2h_avg_diff",
      "home_advantage",
      "rest_days_home",
      "rest_days_away",
      "implied_home",
      "implied_draw",
      "implied_away"
    ]
  }
}